mn	en	current_ids	proposed_ids	proposed_words	untagged_tokens
Хаалгыг хаагаач.	Please close the door.	90,261	90,261	хаалга хаах	
Шал цэвэр байна.	The floor is clean.	91,138,201	91,138,201	шал цэвэр байна	
Хана дээр зураг байна.	There is a picture on the wall.	92,105,201,213	92,105,201,213	хана дээр зураг байна	
Тааз дээр чийдэн байна.	There is a lamp on the ceiling.	93,106,201,213	93,106,201,213	тааз дээр чийдэн байна	
Шат шинэ.	The stairs are new.	94,197	94,197	шат шинэ	
Хашаа минь жижиг.	My yard is small.	95,196,210	95,196,210	хашаа минь жижиг	
Ширээ том.	The table is big.	96,195	96,195	ширээ том	
Хаалга нээлттэй байна.	The door is open.	90,201,255	90,201,255	хаалга нээлттэй байна	
Энэ сандал шинэ.	This chair is new.	97,197,206	97,197,206	энэ сандал шинэ	
Орон минь дулаан.	My bed is warm.	98,113,210	98,113,210	орон минь дулаан	
Муур буйдан дээр унтаж байна.	The cat is sleeping on the sofa.	99,161,201,213,257	99,161,201,213,257	муур буйдан дээр унтах байна	
Шүүгээг нээгээч.	Please open the cabinet.	100,260	100,260	шүүгээ нээх	
Толь цэвэр.	The mirror is clean.	101,138	101,138	толь цэвэр	
Дэр минь хаана байна?	Where is my pillow?	201,210,213,218	201,210,213,218	дээр минь хаана байна	
Хөнжил дулаан.	The blanket is warm.	103,113	103,113	хөнжил дулаан	
Сандал өгөөч.	Please give me the chair.	97,262	97,262	сандал өгөх	
Тааз өндөр.	The ceiling is high.	93,253	93,253	тааз өндөр	
Хивсийг цэвэрлээч.	Please clean the carpet.	104,121	104,121	хивс цэвэрлэх	
Энэ зураг гоё.	This picture is beautiful.	105,199,206	105,199,206	энэ зураг гоё	
Чийдэн жижиг.	The lamp is small.	106,196	106,196	чийдэн жижиг	
Би зуух дээр хоол хийдэг.	I cook on the stove.	107,129,203,213	107,129,203,213	би зуух дээр хоол хийх	
Хөргөгчийг нээгээч.	Please open the refrigerator.	108,260	108,260	хөргөгч нээх	
Угаалгын машин шинэ.	The washing machine is new.	109,197	109,197	угаалгын машин шинэ	
Тоос сорогч хаана байна?	Where is the vacuum cleaner?	110,201,218	110,201,218	тоос сорогч хаана байна	
Хивс бохир.	The carpet is dirty.	104,137	104,137	хивс бохир	
Муур орон дээр унтдаг.	The cat sleeps on the bed.	98,161,213,257	98,161,213,257	муур орон дээр унтах	
Энэ шат жижиг.	This stair is small.	94,196,206	94,196,206	энэ шат жижиг	
Муур хашаанд байна.	The cat is in the yard.	95,161,201	95,161,201	муур хашаа байна	
Муур шал дээр байна.	The cat is on the floor.	91,161,201,213	91,161,201,213	муур шал дээр байна	
Энэ дэр зөөлөн.	This pillow is soft.	206,213,251	206,213,251	энэ дээр зөөлөн	
Түлхүүр минь хаана байна?	Where is my key?	111,201,210,218	111,201,210,218	түлхүүр минь хаана байна	
Цахилгаан байхгүй.	There is no electricity.	112,202	112,202	цахилгаан байхгүй	
Өрөө дулаан.	The room is warm.	113,231	113,231	өрөө дулаан	
Гэрэл сайн.	The light is good.	114,193	114,193	гэрэл сайн	
Ширээ дээр хайрцаг байна.	There is a box on the table.	96,116,201,213	96,116,201,213	ширээ дээр хайрцаг байна	
Уут минь шинэ.	My bag is new.	117,197,210	117,197,210	уут минь шинэ	
Түлхүүр өгөөч.	Please give me the key.	111,262	111,262	түлхүүр өгөх	
Шүүгээ том.	The cabinet is big.	100,195	100,195	шүүгээ том	
Өрөөнд чийдэн байна.	There is a lamp in the room.	106,201,231	106,201,231	өрөө чийдэн байна	
Цоож шинэ.	The lock is new.	118,197	118,197	цоож шинэ	
Хонх шинэ.	The doorbell is new.	119,197	119,197	хонх шинэ	
Тагт дээр цэцэг байна.	There are flowers on the balcony.	120,182,201,213	120,182,201,213	тагт дээр цэцэг байна	
Өрөөг цэвэрлээч.	Please clean the room.	121,231	121,231	өрөө цэвэрлэх	
Үүнийг угаагаач.	Please wash this.	122,208	122,208	үүнийг угаах	
Би оройн хоолны дараа аяга угаадаг.	I do the dishes after dinner.	123,144,203,214	123,144,203,214	би оройн хоол дараа аяга угаах	
Шал арчаач.	Please mop the floor.	124	124	шал арчих	
Цоож хаана байна?	Where is the lock?	118,201,218	118,201,218	цоож хаана байна	
Уут чинь хаана байна?	Where is your bag?	117,201,211,218	117,201,211,218	уут чинь хаана байна	
Зочны өрөөнд зураг байна.	There is a picture in the living room.	105,201,232	105,201,232	зочны өрөө зураг байна	
Тоос сороогоч.	Please vacuum.	248	248	тоос	сороогоч
Ширээний тоос арчаач.	Please dust the table.	96,126	96,126	ширээ тоос арчих	
Өнөөдөр би хувцас угаана.	Today I will do laundry.	127,203,227	127,203,227	өнөөдөр би хувцас угаах	
Би хувцсаа индүүддэг.	I iron my clothes.	128,203,249	128,203,249	би хувцас индүүдэх	
Өнөө орой би хоол хийнэ.	I will cook this evening.	129,203,228,238	129,203,228,238	өнөө орой би хоол хийх	
Хогоо хаягаач.	Please take out the trash.	130	130	хог хаях	
Ор засаач.	Please make the bed.	131	131	ор засах	
Би долоо хоног бүр тоос соордог.	I vacuum every week.	203,224,243,244,248	203,224,243,244,248	би долоо хоног бүр тоос	соордог
Хөргөгч шинэ.	The refrigerator is new.	108,197	108,197	хөргөгч шинэ	
Хөнжил минь дулаан.	My blanket is warm.	103,113,210	103,113,210	хөнжил минь дулаан	
Тоос сорогч шинэ.	The vacuum cleaner is new.	110,197	110,197	тоос сорогч шинэ	
Би өдөр бүр угаадаг.	I wash every day.	122,203,224,236	122,203,224,236	би өдөр бүр угаах	
Цонхыг цэвэрлээч.	Please clean the window.	132	132	цонх цэвэрлэх	
Би хаалгыг засна.	I will fix the door.	90,133,203	90,133,203	би хаалга засах	
Би хана будахыг хүсэж байна.	I want to paint the wall.	92,134,201,203,272	92,134,201,203,272	би хана будах хүсэх байна	
Өрөө минь эмх цэгцтэй.	My room is tidy.	135,210,231	135,210,231	өрөө минь эмх цэгцтэй	
Гал тогоо эмх замбараагүй байна.	The kitchen is messy.	136,201,233	136,201,233	гал тогоо эмх замбараагүй байна	
Шал бохир.	The floor is dirty.	91,137	91,137	шал бохир	
Өрөө цэвэр.	The room is clean.	138,231	138,231	өрөө цэвэр	
Би бямба гарагт цонх цэвэрлэдэг.	I clean the windows on Saturday.	132,203,239,240	132,203,239,240	би бямба гараг цонх цэвэрлэх	
Хувцас минь хуурай.	My clothes are dry.	139,210,249	139,210,249	хувцас минь хуурай	
Шал нойтон.	The floor is wet.	91,140	91,140	шал нойтон	
Хоол сайн.	The food is good.	141,193	141,193	хоол сайн	
Би өглөө өглөөний хоол иддэг.	I eat breakfast in the morning.	142,203,237,258	142,203,237,258	би өглөө өглөөний хоол идэх	
Үдийн хоол сайн.	Lunch is good.	143,193	143,193	үдийн хоол сайн	
Оройн хоол долоон цагт.	Dinner is at seven.	144,242,243	144,242,243	оройн хоол долоо цаг	
Би мах дуртай.	I like meat.	145,203,256	145,203,256	би мах дуртай	
Шал хуурай.	The floor is dry.	91,139	91,139	шал хуурай	
Ээж минь сайхан хоол хийдэг.	My mother cooks well.	129,200,210,245	129,200,210,245	ээж минь сайхан хоол хийх	
Би өглөө хог хаядаг.	I take out the trash in the morning.	130,203,237	130,203,237	би өглөө хог хаях	
Хонх хаана байна?	Where is the bell?	119,201,218	119,201,218	хонх хаана байна	
Манай буйдан шинэ.	Our sofa is new.	99,197,212	99,197,212	манай буйдан шинэ	
Би ням гарагт шал арчдаг.	I mop the floor on Sunday.	124,203,239,241	124,203,239,241	би ням гараг шал арчих	
Би загас дуртай.	I like fish.	146,203,256	146,203,256	би загас дуртай	
Хүнсний ногоо аваач.	Please buy vegetables.	147,263	147,263	хүнсний ногоо авах	
Энэ жимс сайн.	This fruit is good.	148,193,206	148,193,206	энэ жимс сайн	
Ширээ дээр будаа байна.	Rice is on the table.	96,149,201,213	96,149,201,213	ширээ дээр будаа байна	
Энэ талх сайн.	This bread is good.	150,193,206	150,193,206	энэ талх сайн	
Би өглөө өндөг иддэг.	I eat eggs in the morning.	151,203,237,258	151,203,237,258	би өглөө өндөг идэх	
Сүү сайн.	The milk is good.	152,193	152,193	сүү сайн	
Энэ загас сайн.	This fish is good.	146,193,206	146,193,206	энэ загас сайн	
Өрөөнд гэрэл байхгүй.	There is no light in the room.	114,202,231	114,202,231	өрөө гэрэл байхгүй	
Хивс нойтон.	The carpet is wet.	104,140	104,140	хивс нойтон	
Ээж оройн хоол хийдэг.	Mother cooks dinner.	144,245,267	144,245,267	ээж оройн хоол хийх	
Аав хаалга будаж байна.	Father is painting the door.	90,134,201,246	90,134,201,246	аав хаалга будах байна	
Та цай уух уу?	Would you like tea?	153,205,259	153,205,259	та цай уух уух	
Би өглөө кофе уудаг.	I drink coffee in the morning.	154,203,237,259	154,203,237,259	би өглөө кофе уух	
Давс байхгүй.	There is no salt.	155,202	155,202	давс байхгүй	
Би чихэр дуртай.	I like sugar.	156,203,256	156,203,256	би чихэр дуртай	
Тос байхгүй.	There is no butter.	202,248	202,248	тоос байхгүй	
Хутга хаана байна?	Where is the knife?	158,201,218	158,201,218	хутга хаана байна	
Хоолыг тавиур дээр тавь.	Put the food on the plate.	141,159,213,269	141,159,213,269	хоол тавиур дээр тавих	
Энэ цай сайн.	This tea is good.	153,193,206	153,193,206	энэ цай сайн	
Цахилгаан одоо байна.	The electricity is here now.	112,201,226	112,201,226	цахилгаан одоо байна	
Тос өгөөч.	Please give me oil.	248,262	248,262	тоос өгөх	
Энэ аяга жижиг.	This bowl is small.	160,196,206	160,196,206	энэ аяга жижиг	
Муур минь жижиг.	My cat is small.	161,196,210	161,196,210	муур минь жижиг	
Зулзага муур жижиг.	The kitten is small.	162,196	162,196	зулзага муур жижиг	
Чи тэжээвэр амьтантай юу?	Do you have a pet?	163,204,220	163,204,220	чи тэжээвэр амьтан юу	
Энэ шинэ тоглоом.	This is a new toy.	164,197,206	164,197,206	энэ шинэ тоглоом	
Хамтдаа тоглоё.	Let's play together.	165,229	165,229	хамтдаа тоглох	
Муур буйдныг хумхиж байна.	The cat scratches the sofa.	99,161,166,201	99,161,166,201	муур буйдан хумхих байна	
Энэ аяга шинэ.	This cup is new.	160,197,206	160,197,206	энэ аяга шинэ	
Би талх хүсэж байна.	I want bread.	150,201,203,272	150,201,203,272	би талх хүсэх байна	
Энэ сүүл жижиг.	This tail is small.	167,196,206	167,196,206	энэ сүүл жижиг	
Сарвуу жижиг.	The paw is small.	168,196	168,196	сарвуу жижиг	
Би өглөө мууранд хоол өгдөг.	I feed the cat in the morning.	161,169,203,237	161,169,203,237	би өглөө муур хоол өгөх	
Муурыг эмнэлэгт аваач.	Take the cat to the vet.	161,170,263	161,170,263	муур эмнэлэг авах	
Энэ ном сайн.	This book is good.	171,193,206	171,193,206	энэ ном сайн	
Үүнийг уншаач.	Please read this.	172,208	172,208	үүнийг унших	
Хуудсыг нээгээч.	Please open the page.	173,260	173,260	хуудас нээх	
Муурын сүүл урт.	The cat has a long tail.	161,167,252	161,167,252	муур сүүл урт	
Муур унтаж байна.	The cat is sleeping.	161,201,257	161,201,257	муур унтах байна	
Энэ тавиур цэвэр.	This plate is clean.	138,159,206	138,159,206	энэ тавиур цэвэр	
Энэ юу гэдэг зүйл вэ?	What is this thing?	115,206,220,221,230	115,206,220,221,230	энэ юу гэдэг зүйл вэ	
Уут минь бохир.	My bag is dirty.	117,137,210	117,137,210	уут минь бохир	
Энэ түүх сайн.	This story is good.	174,193,206	174,193,206	энэ түүх сайн	
Зохиолч хэн бэ?	Who is the author?	175,219,222	175,219,222	зохиолч хэн бэ	
Номын санд явъя.	Let's go to the library.	176,268	176,268	номын сан явах	
Энд номын дэлгүүр байна.	There is a bookstore here.	177,201,206	177,201,206	энэ номын дэлгүүр байна	
Үгийг бичээч.	Please write the word.	178,179	178,179	үг бичих	
Энэ үг шинэ.	This word is new.	179,197,206	179,197,206	энэ үг шинэ	
Өгүүлбэр хийгээч.	Please make a sentence.	180,267	180,267	өгүүлбэр хийх	
Надад түүх ярь.	Please tell me a story.	174,209,270	174,209,270	надад түүх ярих	
Эмнэлэг хаана байна?	Where is the vet?	170,201,218	170,201,218	эмнэлэг хаана байна	
Энэ хутга шинэ.	This knife is new.	158,197,206	158,197,206	энэ хутга шинэ	
Манай цэцэрлэг гоё.	Our garden is beautiful.	181,199,212	181,199,212	манай цэцэрлэг гоё	
Би цэцэгт дуртай.	I love flowers.	182,203,256	182,203,256	би цэцэг дуртай	
Ургамлыг усалаач.	Please water the plant.	183,188	183,188	ургамал усалах	
Байшингийн ойролцоо мод байна.	There is a tree near the house.	184,201,216,234	184,201,216,234	байшин ойролцоо мод байна	
Энэ навч жижиг.	This leaf is small.	185,196,206	185,196,206	энэ навч жижиг	
Үрийг тариач.	Please plant the seed.	186,189	186,189	үр тарих	
Хөрс нойтон байна.	The soil is wet.	140,187,201	140,187,201	хөрс нойтон байна	
Цэцэрлэгт цэцэг байна.	There are flowers in the garden.	181,182,201	181,182,201	цэцэрлэг цэцэг байна	
Би орой бүр уншдаг.	I read every evening.	172,203,224,238	172,203,224,238	би орой бүр унших	
Би шинэ хөнжил хүсэж байна.	I want a new blanket.	103,197,201,203,272	103,197,201,203,272	би шинэ хөнжил хүсэх байна	
Цэцэг усалаач.	Please water the flowers.	182,188	182,188	цэцэг усалах	
Би мод тарихыг хүсэж байна.	I want to plant a tree.	184,189,201,203,272	184,189,201,203,272	би мод тарих хүсэх байна	
Мод ургаж байна.	The tree is growing.	184,190,201	184,190,201	мод ургах байна	
Өвсөн дээр бүү алх.	Don't walk on the grass.	191,213,225,271	191,213,225,271	өвс дээр бүү алхах	
Манай зүлэг том.	Our lawn is big.	192,195,212	192,195,212	манай зүлэг том	
Энэ хоол сайн.	This food is good.	141,193,206	141,193,206	энэ хоол сайн	
Энэ муу өдөр.	This is a bad day.	194,206,236	194,206,236	энэ муу өдөр	
Би өглөө бүр ургамал усалдаг.	I water the plants every morning.	183,188,203,224,237	183,188,203,224,237	би өглөө бүр ургамал усалах	
Манай байшин том.	My house is big.	195,212,234	195,212,234	манай байшин том	
Би шинэ уут авлаа.	I bought a new bag.	117,197,203,263	117,197,203,263	би шинэ уут авах	
Энэ ном хуучин.	This book is old.	171,198,206	171,198,206	энэ ном хуучин	
Тэр зураг гоё.	That picture is beautiful.	105,199,207	105,199,207	тэр зураг гоё	
Сайхан өдөр өнгөрүүлээрэй.	Have a lovely day.	200,236,273	200,236,273	сайхан өдөр өнгөрүүлэх	
Энэ том ном.	This is a big book.	171,195,206	171,195,206	энэ том ном	
Энэ жижиг хайрцаг.	This is a small box.	116,196,206	116,196,206	энэ жижиг хайрцаг	
Хүүхдүүд тоглох дуртай.	Children love to play.	165,247,256	165,247,256	хүүхэд тоглох дуртай	
Муурын сарвуу зөөлөн.	The cat's paws are soft.	161,168,251	161,168,251	муур сарвуу зөөлөн	
Дараагийн хуудсыг унш.	Read the next page.	172,173,215	172,173,215	дараагийн хуудас унших	
Энэ ургамал хурдан ургадаг.	This plant grows fast.	183,190,206,254	183,190,206,254	энэ ургамал хурдан ургах	
